index,sample,spec,shock,horizon,shock_std,response_1sd_tightening,response_1sd_easing,cum_effect_1sd_tightening,cum_effect_1sd_easing,asymmetry_pvalue,nobs
ftse_all_share,full,single,qe,0,0.008275834415266841,-0.0003062584573863825,0.0002135075167701718,-0.0003062584573863825,0.0002135075167701718,0.16903366147107757,4300
ftse_all_share,full,single,qe,5,0.008275834415266841,-0.0004193308000429821,0.0011071999653240047,-0.0004193308000429821,0.0011071999653240047,0.22826395739121563,4295
ftse_all_share,full,single,qe,10,0.008275834415266841,-1.0394824411622327e-05,0.0009368573054421638,-1.0394824411622327e-05,0.0009368573054421638,0.43223381766847013,4290
ftse_all_share,full,single,qe,20,0.008275834415266841,-0.00038249334239982087,0.0023075720303794064,-0.00038249334239982087,0.0023075720303794064,0.09628874517129922,4280
