index,sample,spec,shock,horizon,shock_std,response_1sd_tightening,response_1sd_easing,cum_effect_1sd_tightening,cum_effect_1sd_easing,asymmetry_pvalue,nobs
ftse100,post_2009,single,path,0,0.007543672872961001,-0.000668143997193919,0.00042970886327784943,-0.000668143997193919,0.00042970886327784943,0.007916271695428039,4300
ftse100,post_2009,single,path,5,0.007543672872961001,0.00035106293595810504,0.0009368613660389049,0.00035106293595810504,0.0009368613660389049,0.580823462347362,4295
ftse100,post_2009,single,path,10,0.007543672872961001,0.00011472634268117383,0.0013174287660334214,0.00011472634268117383,0.0013174287660334214,0.16619184146858867,4290
ftse100,post_2009,single,path,20,0.007543672872961001,0.0005654739511522968,0.001687408278620733,0.0005654739511522968,0.001687408278620733,0.4795402277054267,4280
