index,sample,spec,shock,horizon,shock_std,response_1sd_tightening,response_1sd_easing,cum_effect_1sd_tightening,cum_effect_1sd_easing,asymmetry_pvalue,nobs
ftse100,post_super_thursday,single,qe,0,0.008076049472597983,-0.0007132422052162649,0.00041436734489600505,-0.0007132422052162649,0.00041436734489600505,0.45649655973701375,2679
ftse100,post_super_thursday,single,qe,5,0.008076049472597983,-0.0012049833036904933,0.0011806088934385027,-0.0012049833036904933,0.0011806088934385027,0.9878910437050831,2674
ftse100,post_super_thursday,single,qe,10,0.008076049472597983,-0.0008219214415875342,0.0005867548606513197,-0.0008219214415875342,0.0005867548606513197,0.8503383594976786,2669
ftse100,post_super_thursday,single,qe,20,0.008076049472597983,-0.002160885431185546,0.0014994831270064663,-0.002160885431185546,0.0014994831270064663,0.6889090383044656,2659
