index,sample,spec,shock,horizon,shock_std,response_1sd_tightening,response_1sd_easing,cum_effect_1sd_tightening,cum_effect_1sd_easing,asymmetry_pvalue,nobs
ftse100,post_super_thursday,single,qe,0,0.008076049472597983,-0.0007132422052162649,0.00041436734489600505,-0.0007132422052162649,0.00041436734489600505,0.0038750370233617028,2679
ftse100,post_super_thursday,single,qe,5,0.008076049472597983,-0.0012049833036904933,0.0011806088934385027,-0.0012049833036904933,0.0011806088934385027,0.13511289664773193,2674
ftse100,post_super_thursday,single,qe,10,0.008076049472597983,-0.0008219214415875342,0.0005867548606513197,-0.0008219214415875342,0.0005867548606513197,0.2266199394172631,2669
ftse100,post_super_thursday,single,qe,20,0.008076049472597983,-0.002160885431185546,0.0014994831270064663,-0.002160885431185546,0.0014994831270064663,0.021791565512893258,2659
