index,sample,spec,shock,horizon,shock_std,response_1sd_tightening,response_1sd_easing,cum_effect_1sd_tightening,cum_effect_1sd_easing,asymmetry_pvalue,nobs
ftse250,full,single,path,0,0.007833839481115452,-0.0005329853522966535,0.00015354274113837637,-0.0005329853522966535,0.00015354274113837637,0.0376925472039667,7269
ftse250,full,single,path,5,0.007833839481115452,-0.0002645385761568296,-7.604366273853456e-06,-0.0002645385761568296,-7.604366273853456e-06,0.8110016989506655,7264
ftse250,full,single,path,10,0.007833839481115452,-0.001176424920317847,0.0001942470699132667,-0.001176424920317847,0.0001942470699132667,0.20282976726157753,7259
ftse250,full,single,path,20,0.007833839481115452,-0.0008018255846237316,0.0010160177783828887,-0.0008018255846237316,0.0010160177783828887,0.28198361428280294,7249
