index,sample,spec,shock,horizon,shock_std,response_1sd_tightening,response_1sd_easing,cum_effect_1sd_tightening,cum_effect_1sd_easing,asymmetry_pvalue,nobs
ftse100,pre_2009,joint,path,0,0.008236539199536931,-8.706854097899096e-05,-0.0001740836351139126,-8.706854097899096e-05,-0.0001740836351139126,0.7679692664723399,2969
ftse100,pre_2009,joint,path,5,0.008236539199536931,0.0005706975868321371,-0.00015915924538841735,0.0005706975868321371,-0.00015915924538841735,0.8031382424234623,2969
ftse100,pre_2009,joint,path,10,0.008236539199536931,0.00044261300747986,0.0009328263610795667,0.00044261300747986,0.0009328263610795667,0.5842345592956832,2969
ftse100,pre_2009,joint,path,20,0.008236539199536931,-0.0017809907791975581,0.0008304748336269879,-0.0017809907791975581,0.0008304748336269879,0.726343280056145,2969
ftse100,pre_2009,joint,target,0,0.01597584142869991,-0.0006568499237238857,-0.0007930786811715096,-0.0006568499237238857,-0.0007930786811715096,0.16665134782528634,2969
ftse100,pre_2009,joint,target,5,0.01597584142869991,-0.0005389850576005087,-0.0016409010954189834,-0.0005389850576005087,-0.0016409010954189834,0.23892793151374858,2969
ftse100,pre_2009,joint,target,10,0.01597584142869991,-0.0005847103965693172,-0.0011064992410158678,-0.0005847103965693172,-0.0011064992410158678,0.5980863049957758,2969
ftse100,pre_2009,joint,target,20,0.01597584142869991,0.001898924939250945,0.000865334215743586,0.001898924939250945,0.000865334215743586,0.3792145008691704,2969
