index,sample,spec,shock,horizon,shock_std,response_1sd_tightening,response_1sd_easing,cum_effect_1sd_tightening,cum_effect_1sd_easing,asymmetry_pvalue,nobs
ftse250,pre_super_thursday,single,path,0,0.00792534084792519,-0.00045500775250814103,8.436213688372636e-05,-0.00045500775250814103,8.436213688372636e-05,0.23693562892631015,4590
ftse250,pre_super_thursday,single,path,5,0.00792534084792519,-0.001353090980025201,-0.00017788794955779952,-0.001353090980025201,-0.00017788794955779952,0.271151028917779,4590
ftse250,pre_super_thursday,single,path,10,0.00792534084792519,-0.0022359966470734357,-0.00010280639471110903,-0.0022359966470734357,-0.00010280639471110903,0.11712454483042715,4590
ftse250,pre_super_thursday,single,path,20,0.00792534084792519,-0.0014179438481193795,0.0012820781713342678,-0.0014179438481193795,0.0012820781713342678,0.16782981436026945,4590
