index,sample,spec,shock,horizon,shock_std,response_1sd_tightening,response_1sd_easing,cum_effect_1sd_tightening,cum_effect_1sd_easing,asymmetry_pvalue,nobs
ftse250,post_super_thursday,single,qe,0,0.008076049472597983,-0.0007978843845160144,0.00020958925513079726,-0.0007978843845160144,0.00020958925513079726,0.07151985688851882,2679
ftse250,post_super_thursday,single,qe,5,0.008076049472597983,-0.0023036350517857784,0.0017551090588650447,-0.0023036350517857784,0.0017551090588650447,0.09349939248417367,2674
ftse250,post_super_thursday,single,qe,10,0.008076049472597983,-0.0015736212718307785,0.0014230823272792508,-0.0015736212718307785,0.0014230823272792508,0.10434639228349149,2669
ftse250,post_super_thursday,single,qe,20,0.008076049472597983,-0.0036320177903973413,0.002636730230075316,-0.0036320177903973413,0.002636730230075316,0.0035342035664300865,2659
