index,sample,spec,shock,horizon,shock_std,response_1sd_tightening,response_1sd_easing,cum_effect_1sd_tightening,cum_effect_1sd_easing,asymmetry_pvalue,nobs
ftse100,pre_super_thursday,single,path,0,0.00792534084792519,-0.0008116314872354405,-0.00021823974159933005,-0.0008116314872354405,-0.00021823974159933005,0.28151100841394017,4590
ftse100,pre_super_thursday,single,path,5,0.00792534084792519,-0.0007731438803641829,-0.0003492527310886004,-0.0007731438803641829,-0.0003492527310886004,0.6686699256844952,4590
ftse100,pre_super_thursday,single,path,10,0.00792534084792519,-0.0009509171710084415,0.0003801033584724893,-0.0009509171710084415,0.0003801033584724893,0.2820226089077479,4590
ftse100,pre_super_thursday,single,path,20,0.00792534084792519,-0.0006856806383093465,0.0011887844048961286,-0.0006856806383093465,0.0011887844048961286,0.29065524933798015,4590
