index,sample,spec,shock,horizon,shock_std,response_1sd_tightening,response_1sd_easing,cum_effect_1sd_tightening,cum_effect_1sd_easing,asymmetry_pvalue,nobs
ftse100,post_super_thursday,single,path,0,0.007674169113485067,-0.0005545215262353034,0.000310576298282913,-0.0005545215262353034,0.000310576298282913,0.038158335921721964,2679
ftse100,post_super_thursday,single,path,5,0.007674169113485067,0.0005810441810786346,0.000447929298775793,0.0005810441810786346,0.000447929298775793,0.921623968910829,2674
ftse100,post_super_thursday,single,path,10,0.007674169113485067,0.00012770976465455443,0.0007156451254956357,0.00012770976465455443,0.0007156451254956357,0.5175886072395572,2669
ftse100,post_super_thursday,single,path,20,0.007674169113485067,-5.2419961709797695e-05,0.0009154887980783173,-5.2419961709797695e-05,0.0009154887980783173,0.560006507489247,2659
