index,sample,spec,shock,horizon,shock_std,response_1sd_tightening,response_1sd_easing,cum_effect_1sd_tightening,cum_effect_1sd_easing,asymmetry_pvalue,nobs
ftse250,post_2009,single,target,0,0.006034745462165063,-0.00024539512273909816,-0.00039953280760037825,-0.00024539512273909816,-0.00039953280760037825,0.6682369946087859,4300
ftse250,post_2009,single,target,5,0.006034745462165063,0.0002440007601007559,-0.001646460308285902,0.0002440007601007559,-0.001646460308285902,0.08858343861236014,4295
ftse250,post_2009,single,target,10,0.006034745462165063,-9.334475311452614e-05,-0.0011936518834132017,-9.334475311452614e-05,-0.0011936518834132017,0.2820804529618476,4290
ftse250,post_2009,single,target,20,0.006034745462165063,0.0003606226796211389,-0.0015799706676068548,0.0003606226796211389,-0.0015799706676068548,0.15719496763879728,4280
