index,sample,spec,shock,horizon,shock_std,response_1sd_tightening,response_1sd_easing,cum_effect_1sd_tightening,cum_effect_1sd_easing,asymmetry_pvalue,nobs
ftse_all_share,post_super_thursday,single,path,0,0.007674169113485067,-0.000579062505950154,0.0003171822101533012,-0.000579062505950154,0.0003171822101533012,0.02260714958152589,2679
ftse_all_share,post_super_thursday,single,path,5,0.007674169113485067,0.0005957752356770422,0.00043985545662984213,0.0005957752356770422,0.00043985545662984213,0.9112943891051679,2674
ftse_all_share,post_super_thursday,single,path,10,0.007674169113485067,6.658106733905258e-05,0.0007353113945238479,6.658106733905258e-05,0.0007353113945238479,0.49630418229687234,2669
ftse_all_share,post_super_thursday,single,path,20,0.007674169113485067,-0.0001686690817154011,0.0007867997165813254,-0.0001686690817154011,0.0007867997165813254,0.5923541045256917,2659
