index,sample,spec,shock,horizon,shock_std,response_1sd_tightening,response_1sd_easing,cum_effect_1sd_tightening,cum_effect_1sd_easing,asymmetry_pvalue,nobs
ftse250,pre_super_thursday,single,target,0,0.013004933296437114,-0.0005931207062852318,-0.00031811103171174764,-0.0005931207062852318,-0.00031811103171174764,0.5062709660449046,4590
ftse250,pre_super_thursday,single,target,5,0.013004933296437114,-0.0006732214956144909,-0.001665725644331606,-0.0006732214956144909,-0.001665725644331606,0.4236482855420287,4590
ftse250,pre_super_thursday,single,target,10,0.013004933296437114,-0.0014285377224301753,-0.0028034976534358383,-0.0014285377224301753,-0.0028034976534358383,0.4953579848034214,4590
ftse250,pre_super_thursday,single,target,20,0.013004933296437114,-0.0003672849807900208,-0.001945159741104144,-0.0003672849807900208,-0.001945159741104144,0.49797546445050567,4590
