index,sample,spec,shock,horizon,shock_std,response_1sd_tightening,response_1sd_easing,cum_effect_1sd_tightening,cum_effect_1sd_easing,asymmetry_pvalue,nobs
ftse250,pre_2009,single,path,0,0.008236539199536931,-0.00024119481274061935,-0.0002813836996925804,-0.00024119481274061935,-0.0002813836996925804,0.2609744380299135,2969
ftse250,pre_2009,single,path,5,0.008236539199536931,-0.001198433960078237,-0.0009973620464333007,-0.001198433960078237,-0.0009973620464333007,0.07624909880395916,2969
ftse250,pre_2009,single,path,10,0.008236539199536931,-0.002775017768334947,-0.0008635998589000661,-0.002775017768334947,-0.0008635998589000661,0.04166579653605742,2969
ftse250,pre_2009,single,path,20,0.008236539199536931,-0.002741201727693311,0.0006278278174080233,-0.002741201727693311,0.0006278278174080233,0.3356065585547704,2969
