index,sample,spec,shock,horizon,shock_std,response_1sd_tightening,response_1sd_easing,cum_effect_1sd_tightening,cum_effect_1sd_easing,asymmetry_pvalue,nobs
ftse100,full,single,target,0,0.011219078718411933,-0.0006037213142170264,-0.0006807010304982718,-0.0006037213142170264,-0.0006807010304982718,0.8449523467324119,7269
ftse100,full,single,target,5,0.011219078718411933,-0.0004922220782816479,-0.0014723232296750366,-0.0004922220782816479,-0.0014723232296750366,0.18607107995647454,7264
ftse100,full,single,target,10,0.011219078718411933,-0.0008669541493361689,-0.0013722926798003302,-0.0008669541493361689,-0.0013722926798003302,0.6877872292145256,7259
ftse100,full,single,target,20,0.011219078718411933,0.00029786009053433984,-0.0008227654637744499,0.00029786009053433984,-0.0008227654637744499,0.3110893537445386,7249
