index,sample,spec,shock,horizon,shock_std,response_1sd_tightening,response_1sd_easing,cum_effect_1sd_tightening,cum_effect_1sd_easing,asymmetry_pvalue,nobs
ftse100,pre_2009,single,path,0,0.008236539199536931,-0.0007098071079947288,-0.0005996890956679727,-0.0007098071079947288,-0.0005996890956679727,0.8525951626360637,2969
ftse100,pre_2009,single,path,5,0.008236539199536931,-0.0010752814362899466,-0.001216546864534819,-0.0010752814362899466,-0.001216546864534819,0.9045242912593366,2969
ftse100,pre_2009,single,path,10,0.008236539199536931,-0.0014773856427161593,-0.00034680067281437005,-0.0014773856427161593,-0.00034680067281437005,0.47142932465902365,2969
ftse100,pre_2009,single,path,20,0.008236539199536931,-0.002185695019366964,0.0006023726060218779,-0.002185695019366964,0.0006023726060218779,0.17089402351685612,2969
