index,sample,spec,shock,horizon,shock_std,response_1sd_tightening,response_1sd_easing,cum_effect_1sd_tightening,cum_effect_1sd_easing,asymmetry_pvalue,nobs
ftse_all_share,pre_super_thursday,single,target,0,0.013004933296437114,-0.0006951511087663285,-0.0006922762293003544,-0.0006951511087663285,-0.0006922762293003544,0.99542205425945,4590
ftse_all_share,pre_super_thursday,single,target,5,0.013004933296437114,-0.0006834618148152222,-0.0016669100656250665,-0.0006834618148152222,-0.0016669100656250665,0.3197364278249273,4590
ftse_all_share,pre_super_thursday,single,target,10,0.013004933296437114,-0.0011302355463045771,-0.0017030669365934385,-0.0011302355463045771,-0.0017030669365934385,0.7347953788662412,4590
ftse_all_share,pre_super_thursday,single,target,20,0.013004933296437114,0.0003671461778362113,-0.0008117214475985732,0.0003671461778362113,-0.0008117214475985732,0.44416947627713854,4590
