index,sample,spec,shock,horizon,shock_std,response_1sd_tightening,response_1sd_easing,cum_effect_1sd_tightening,cum_effect_1sd_easing,asymmetry_pvalue,nobs
ftse_all_share,pre_2009,single,target,0,0.01597584142869991,-0.0007668347119798246,-0.0008708243919000676,-0.0007668347119798246,-0.0008708243919000676,0.00835374653400471,2969
ftse_all_share,pre_2009,single,target,5,0.01597584142869991,-0.000893424846260561,-0.002024064668575974,-0.000893424846260561,-0.002024064668575974,0.017932520163554944,2969
ftse_all_share,pre_2009,single,target,10,0.01597584142869991,-0.0013268509880497604,-0.0020005645071544233,-0.0013268509880497604,-0.0020005645071544233,0.11079396539426069,2969
ftse_all_share,pre_2009,single,target,20,0.01597584142869991,0.00041834754973937225,-0.0006874935853767162,0.00041834754973937225,-0.0006874935853767162,0.8819279295184832,2969
