index,sample,spec,shock,horizon,shock_std,response_1sd_tightening,response_1sd_easing,cum_effect_1sd_tightening,cum_effect_1sd_easing,asymmetry_pvalue,nobs
ftse_all_share,post_super_thursday,single,qe,0,0.008076049472597983,-0.000723547845176994,0.00036184650282336934,-0.000723547845176994,0.00036184650282336934,0.005302238176491394,2679
ftse_all_share,post_super_thursday,single,qe,5,0.008076049472597983,-0.001366081315728279,0.001266110460572589,-0.001366081315728279,0.001266110460572589,0.12444995939484493,2674
ftse_all_share,post_super_thursday,single,qe,10,0.008076049472597983,-0.0009331341533516353,0.0007193761588052359,-0.0009331341533516353,0.0007193761588052359,0.191640260228639,2669
ftse_all_share,post_super_thursday,single,qe,20,0.008076049472597983,-0.0024046613347926686,0.0017035553952775239,-0.0024046613347926686,0.0017035553952775239,0.013557526386866999,2659
