index,sample,spec,shock,horizon,shock_std,response_1sd_tightening,response_1sd_easing,cum_effect_1sd_tightening,cum_effect_1sd_easing,asymmetry_pvalue,nobs
ftse250,pre_super_thursday,single,qe,0,0.008596139514184975,0.0004337768437110372,-1.633847524224069e-05,0.0004337768437110372,-1.633847524224069e-05,0.5735379246329608,1621
ftse250,pre_super_thursday,single,qe,5,0.008596139514184975,0.00039181444302033416,0.000221856430681309,0.00039181444302033416,0.000221856430681309,0.9172379583559138,1621
ftse250,pre_super_thursday,single,qe,10,0.008596139514184975,0.0005676445080452948,0.000595362919331587,0.0005676445080452948,0.000595362919331587,0.988726310402067,1621
ftse250,pre_super_thursday,single,qe,20,0.008596139514184975,0.0018859521781176797,0.0028310777129881,0.0018859521781176797,0.0028310777129881,0.7254730710261086,1621
