index,sample,spec,shock,horizon,shock_std,response_1sd_tightening,response_1sd_easing,cum_effect_1sd_tightening,cum_effect_1sd_easing,asymmetry_pvalue,nobs
ftse250,pre_2009,single,target,0,0.01597584142869991,-0.0006579104536283673,-0.00046502118379945166,-0.0006579104536283673,-0.00046502118379945166,0.7029396292564297,2969
ftse250,pre_2009,single,target,5,0.01597584142869991,-0.0007706733101289255,-0.0021855769508607064,-0.0007706733101289255,-0.0021855769508607064,0.37038889887005444,2969
ftse250,pre_2009,single,target,10,0.01597584142869991,-0.0015389588562952968,-0.003463658105238005,-0.0015389588562952968,-0.003463658105238005,0.4461537604278639,2969
ftse250,pre_2009,single,target,20,0.01597584142869991,-0.00029232446629032314,-0.002197910176832677,-0.00029232446629032314,-0.002197910176832677,0.5186482100845701,2969
