index,sample,spec,shock,horizon,shock_std,response_1sd_tightening,response_1sd_easing,cum_effect_1sd_tightening,cum_effect_1sd_easing,asymmetry_pvalue,nobs
ftse250,post_super_thursday,single,path,0,0.007674169113485067,-0.0006381993650514177,0.0003736504024476828,-0.0006381993650514177,0.0003736504024476828,0.021444211740092037,2679
ftse250,post_super_thursday,single,path,5,0.007674169113485067,0.0007513478916024884,0.00041452551174358615,0.0007513478916024884,0.00041452551174358615,0.8462165010626636,2674
ftse250,post_super_thursday,single,path,10,0.007674169113485067,-0.0002148250639410321,0.000862907116399052,-0.0002148250639410321,0.000862907116399052,0.449709605622882,2669
ftse250,post_super_thursday,single,path,20,0.007674169113485067,-0.0007410604849186913,0.00015993410260964239,-0.0007410604849186913,0.00015993410260964239,0.7064663692383417,2659
