index,sample,spec,shock,horizon,shock_std,response_1sd_tightening,response_1sd_easing,cum_effect_1sd_tightening,cum_effect_1sd_easing,asymmetry_pvalue,nobs
ftse250,pre_2009,single,target,0,0.01597584142869991,-0.0006579104536283673,-0.00046502118379945166,-0.0006579104536283673,-0.00046502118379945166,0.029043914744569663,2969
ftse250,pre_2009,single,target,5,0.01597584142869991,-0.0007706733101289255,-0.0021855769508607064,-0.0007706733101289255,-0.0021855769508607064,0.05747777743998889,2969
ftse250,pre_2009,single,target,10,0.01597584142869991,-0.0015389588562952968,-0.003463658105238005,-0.0015389588562952968,-0.003463658105238005,0.04314629916559339,2969
ftse250,pre_2009,single,target,20,0.01597584142869991,-0.00029232446629032314,-0.002197910176832677,-0.00029232446629032314,-0.002197910176832677,0.3607403753651829,2969
