index,sample,spec,shock,horizon,shock_std,response_1sd_tightening,response_1sd_easing,cum_effect_1sd_tightening,cum_effect_1sd_easing,asymmetry_pvalue,nobs
ftse250,pre_2009,joint,path,0,0.008236539199536931,0.0002904772486089094,6.82205702163432e-05,0.0002904772486089094,6.82205702163432e-05,0.5965173922824603,2969
ftse250,pre_2009,joint,path,5,0.008236539199536931,0.00032871483719881296,3.7923116381278933e-06,0.00032871483719881296,3.7923116381278933e-06,0.8461939826618103,2969
ftse250,pre_2009,joint,path,10,0.008236539199536931,-6.185234113400351e-05,0.0009161550887810382,-6.185234113400351e-05,0.0009161550887810382,0.7669843683504026,2969
ftse250,pre_2009,joint,path,20,0.008236539199536931,-0.0006983923306771075,0.0019041736565989524,-0.0006983923306771075,0.0019041736565989524,0.7196815267025342,2969
ftse250,pre_2009,joint,target,0,0.01597584142869991,-0.0007538975475112445,-0.000581302426971732,-0.0007538975475112445,-0.000581302426971732,0.10993099448599124,2969
ftse250,pre_2009,joint,target,5,0.01597584142869991,-0.0004527560518462047,-0.0018566860415093712,-0.0004527560518462047,-0.0018566860415093712,0.3652946043363926,2969
ftse250,pre_2009,joint,target,10,0.01597584142869991,-0.0011997819259173285,-0.0031332873992280896,-0.0011997819259173285,-0.0031332873992280896,0.2610107906918848,2969
ftse250,pre_2009,joint,target,20,0.01597584142869991,-0.0005769222894469607,-0.002532365935150826,-0.0005769222894469607,-0.002532365935150826,0.46297095209478645,2969
