index,sample,spec,shock,horizon,shock_std,response_1sd_tightening,response_1sd_easing,cum_effect_1sd_tightening,cum_effect_1sd_easing,asymmetry_pvalue,nobs
ftse_all_share,pre_super_thursday,single,path,0,0.00792534084792519,-0.000716049236623352,-0.0001696133883129183,-0.000716049236623352,-0.0001696133883129183,0.29317689635046806,4590
ftse_all_share,pre_super_thursday,single,path,5,0.00792534084792519,-0.0008052418027832912,-0.0003242250062232939,-0.0008052418027832912,-0.0003242250062232939,0.6188742067110393,4590
ftse_all_share,pre_super_thursday,single,path,10,0.00792534084792519,-0.0011098248463422406,0.000297421932092422,-0.0011098248463422406,0.000297421932092422,0.2536212606764251,4590
ftse_all_share,pre_super_thursday,single,path,20,0.00792534084792519,-0.0007491205073421563,0.0011894995244373877,-0.0007491205073421563,0.0011894995244373877,0.27605681978892493,4590
