index,sample,spec,shock,horizon,shock_std,response_1sd_tightening,response_1sd_easing,cum_effect_1sd_tightening,cum_effect_1sd_easing,asymmetry_pvalue,nobs
ftse250,post_2009,single,path,0,0.007543672872961001,-0.0007402877491796112,0.0005773234016182208,-0.0007402877491796112,0.0005773234016182208,0.0013235123675174414,4300
ftse250,post_2009,single,path,5,0.007543672872961001,-9.833254637433243e-07,0.0009442463613994927,-9.833254637433243e-07,0.0009442463613994927,0.47217369822083066,4295
ftse250,post_2009,single,path,10,0.007543672872961001,-0.0005245556838725023,0.0012369072261711,-0.0005245556838725023,0.0012369072261711,0.12384491885802942,4290
ftse250,post_2009,single,path,20,0.007543672872961001,-0.0001727833786352986,0.0014430649014423706,-0.0001727833786352986,0.0014430649014423706,0.4543114515763529,4280
