index,sample,spec,shock,horizon,shock_std,response_1sd_tightening,response_1sd_easing,cum_effect_1sd_tightening,cum_effect_1sd_easing,asymmetry_pvalue,nobs
ftse250,post_2009,single,path,0,0.007543672872961001,-0.0007402877491796112,0.0005773234016182208,-0.0007402877491796112,0.0005773234016182208,0.692805979817419,4300
ftse250,post_2009,single,path,5,0.007543672872961001,-9.833254637433243e-07,0.0009442463613994927,-9.833254637433243e-07,0.0009442463613994927,0.4726156319097702,4295
ftse250,post_2009,single,path,10,0.007543672872961001,-0.0005245556838725023,0.0012369072261711,-0.0005245556838725023,0.0012369072261711,0.5514287625218804,4290
ftse250,post_2009,single,path,20,0.007543672872961001,-0.0001727833786352986,0.0014430649014423706,-0.0001727833786352986,0.0014430649014423706,0.5493532651857109,4280
